"FCL code","FCL label","CPC20 code","If partial"
"0015","Wheat","01111","*"
"0015","Wheat","01112","*"
"0016","Flour of Wheat","23110","*"
"0016","Flour of Wheat","23130","*"
"0017","Bran of Wheat","39120","*"
"0018","Macaroni","23710","*"
"0019","Germ of Wheat","23140","*"
"0020","Bread","23410","*"
"0020","Bread","23490","*"
"0021","Bulgur","23140","*"
"0022","Pastry","23420","*"
"0022","Pastry","23430","*"
"0023","Starch of Wheat","23220","*"
"0024","Wheat Gluten","23220","*"
"0026","Wheat-Fermented Beverages","24230","*"
"0027","Rice, paddy","01131","*"
"0027","Rice, paddy","01132","*"
"0028","Rice, Husked","23162","*"
"0029","Rice, Milled (Husked)","23161","*"
"0031","Rice, Milled","23161","*"
"0032","Rice, Broken","23161","*"
"0033","Rice, Gluten","39130","*"
"0034","Starch of Rice","23220","*"
"0035","Bran of Rice","39120","*"
"0036","Oil of Rice Bran","21539","*"
"0036","Oil of Rice Bran","21549","*"
"0037","Cake of Rice Bran","21710","*"
"0038","Flour of Rice","23120","*"
"0039","Rice-Fermented Beverages","24230","*"
"0041","Breakfast Cereals","23140","*"
"0044","Barley","01151","*"
"0044","Barley","01152","*"
"0045","Pot Barley","23140","*"
"0046","Barley, Pearled","23140","*"
"0047","Bran of Barley","39120","*"
"0048","Barley Flour and Grits","23120","*"
"0048","Barley Flour and Grits","23130","*"
"0049","Malt","24320","*"
"0050","Malt Extract","23999","*"
"0051","Beer of Barley","24310","*"
"0051","Beer of Barley","24490","*"
"0056","Maize","01122","*"
"0056","Maize","01121","*"
"0057","Germ of Maize","23140","*"
"0058","Flour of Maize","23120","*"
"0058","Flour of Maize","23130","*"
"0059","Bran of Maize","39120","*"
"0060","Oil of Maize","21539","*"
"0060","Oil of Maize","21549","*"
"0061","Cake of Maize","21710","*"
"0063","Maize Gluten","39130","*"
"0064","Starch of Maize","23220","*"
"0066","Beer of Maize","24310","*"
"0066","Beer of Maize","24490","*"
"0067","White Maize","01122","*"
"0067","White Maize","01121","*"
"0068","Popcorn","01122","*"
"0068","Popcorn","01121","*"
"0071","Rye","01161","*"
"0071","Rye","01162","*"
"0072","Flour of Rye","23120","*"
"0072","Flour of Rye","23130","*"
"0073","Bran of Rye","39120","*"
"0075","Oats","01171","*"
"0075","Oats","01172","*"
"0076","Oats, Rolled","23140","*"
"0077","Bran of Oats","39120","*"
"0079","Millet","01181","*"
"0079","Millet","01182","*"
"0080","Flour of Millet","23120","*"
"0080","Flour of Millet","23130","*"
"0081","Bran of Millet","39120","*"
"0082","Beer of Millet","24310","*"
"0082","Beer of Millet","24490","*"
"0083","Sorghum","01141","*"
"0083","Sorghum","01142","*"
"0084","Flour of Sorghum","23120","*"
"0084","Flour of Sorghum","23130","*"
"0085","Bran of Sorghum","39120","*"
"0086","Beer of Sorghum","24310","*"
"0086","Beer of Sorghum","24490","*"
"0089","Buckwheat","01190","*"
"0090","Flour of Buckwheat","23120","*"
"0090","Flour of Buckwheat","23130","*"
"0091","Bran of Buckwheat","39120","*"
"0092","Quinoa","01190","*"
"0094","Fonio","01190","*"
"0095","Flour of Fonio","23120","*"
"0095","Flour of Fonio","23130","*"
"0096","Bran of Fonio","39120","*"
"0097","Triticale","01190","*"
"0098","Flour of Triticale","23120","*"
"0098","Flour of Triticale","23130","*"
"0099","Bran of Triticale","39120","*"
"0101","Canary seed","01190","*"
"0103","Mixed grain","01190","*"
"0104","Flour of Mixed Grain","23120","*"
"0104","Flour of Mixed Grain","23130","*"
"0105","Bran of Mixed Grain","39120","*"
"0108","Cereals, nes","01190","*"
"0109","Infant Food","23991","*"
"0110","Wafers","23490","*"
"0111","Flour of Cereals nes","23120","*"
"0111","Flour of Cereals nes","23130","*"
"0112","Bran of Cereals nes","39120","*"
"0113","Cereal Preparations","23140","*"
"0114","Mixes and Doughs","23180","*"
"0115","Food Preparations of Flour, Meal or Malt Extract","23999","*"
"0116","Potatoes","01510","*"
"0117","Flour of Potatoes","21392","*"
"0118","Frozen Potatoes","21313","*"
"0119","Starch of Potatoes","23220","*"
"0120","Potato Offals","39130","*"
"0121","Tapioca of Potatoes","23230","*"
"0122","Sweet potatoes","01591","*"
"0125","Cassava","01592","*"
"0126","Flour of Cassava","23170","*"
"0127","Tapioca of Cassava","23230","*"
"0128","Cassava, Dried","01592","*"
"0129","Starch of Cassava","23220","*"
"0135","Yautia (Cocoyam)","01599","*"
"0136","Taro (Cocoyam)","01599","*"
"0137","Yams","01593","*"
"0149","Roots and tubers nes","01599","*"
"0150","Flour of Roots and Tubers nes","23170","*"
"0151","Roots and Tubers, Dried nes","01599","*"
"0154","Fructose, Chemically Pure","23210","*"
"0155","Maltose, Chemically Pure","23210","*"
"0156","Sugar cane","01802","*"
"0157","Sugar beet","01801","*"
"0158","Cane Sugar","23511","*"
"0159","Beet Sugar","23512","*"
"0160","Maple Sugar and Syrups","23530","*"
"0161","Sugar crops nes","01809","*"
"0162","Sugar, Raw Centrifugal","2351","*"
"0163","Sugar, Non-Centrifugal","23511","*"
"0164","Sugar, Refined","23520","*"
"0165","Molasses","23540","*"
"0166","Other Fructose and Syrup","23210","*"
"0167","Sugar and Syrups nes","23210","*"
"0168","Sugar Confectionery","23670","*"
"0169","Beet Pulp","39140","*"
"0170","Bagasse","39140","*"
"0172","Glucose and Dextrose","23210","*"
"0173","Lactose","23210","*"
"0174","Artificial Sweeteners","23210","*"
"0175","Isoglucose","23210","*"
"0176","Beans, dry","01701","*"
"0181","Broad beans, dry","01702","*"
"0187","Peas, dry","01705","*"
"0191","Chick-peas, dry","01703","*"
"0195","Cow peas, dry","01701","*"
"0197","Pigeon peas","01709","*"
"0201","Lentils, dry","01704","*"
"0203","Bambara beans","01709","*"
"0205","Vetches","01709","*"
"0210","Lupins","01709","*"
"0211","Pulses nes","01709","*"
"0212","Flour of Pulses","23170","*"
"0213","Bran of Pulses","39120","*"
"0216","Brazil nuts","01377","*"
"0217","Cashew nuts","01372","*"
"0220","Chestnuts","01373","*"
"0221","Almonds","01371","*"
"0222","Walnuts","01376","*"
"0223","Pistachios","01375","*"
"0223","Pistachios","21429","*"
"0224","Kolanuts","03230","*"
"0225","Hazelnuts (Filberts)","01374","*"
"0226","Areca nuts","01379","*"
"0229","Brazil Nuts, Shelled","21429","*"
"0230","Cashew Nuts, Shelled","21424","*"
"0231","Almonds, Shelled","21422","*"
"0232","Walnuts, Shelled","21429","*"
"0233","Hazelnuts, Shelled","21423","*"
"0234","Nuts nes","01379","*"
"0234","Nuts nes","21429","*"
"0235","Prepared Nuts","21493","*"
"0235","Prepared Nuts","21495","*"
"0235","Prepared Nuts","21496","*"
"0236","Soybeans","01411","*"
"0236","Soybeans","01412","*"
"0237","Oil of Soybeans","21531","*"
"0237","Oil of Soybeans","21541","*"
"0238","Cake of Soybeans","21710","*"
"0239","Soya Sauce","23995","*"
"0240","Soya Paste","23995","*"
"0241","Soya Curd","23999","*"
"0242","Groundnuts, in shell","01421","*"
"0242","Groundnuts, in shell","01422","*"
"0243","Groundnuts, Shelled","21421","*"
"0244","Oil of Groundnuts","21532","*"
"0244","Oil of Groundnuts","21542","*"
"0245","Cake of Groundnuts","21710","*"
"0246","Prepared Groundnuts","21495","*"
"0247","Peanut Butter","21495","*"
"0249","Coconuts","01460","*"
"0250","Coconuts, Desiccated","21429","*"
"0251","Copra","01499","*"
"0252","Oil of Coconuts","21536","*"
"0252","Oil of Coconuts","21546","*"
"0253","Cake of Copra","21710","*"
"0254","[Oil palm fruit]","01491","*"
"0256","Palm kernels","01491","*"
"0257","Oil of palm","21535","*"
"0257","Oil of palm","21545","*"
"0258","Oil of Palm Kernel","21539","*"
"0258","Oil of Palm Kernel","21549","*"
"0259","Cake of Palm Kernel","21710","*"
"0260","Olives","01450","*"
"0261","Oil of Olives, Virgin","21537","*"
"0262","Olives, Preserved","21399","*"
"0262","Olives, Preserved","21340","*"
"0262","Olives, Preserved","21330","*"
"0263","Karite Nuts (Sheanuts)","01499","*"
"0264","Butter of Karite Nuts","21539","*"
"0264","Butter of Karite Nuts","21549","*"
"0265","Castor Beans","01449","*"
"0266","Oil of Castor Beans","21539","*"
"0266","Oil of Castor Beans","21549","*"
"0267","Sunflower seed","01445","*"
"0268","Oil of Sunflower Seed","21533","*"
"0268","Oil of Sunflower Seed","21543","*"
"0269","Cake of Sunflower Seed","21710","*"
"0270","Rapeseed or colza seed","01443","*"
"0271","Oil of Rapeseed or Canola oil","21534","*"
"0271","Oil of Rapeseed or Canola oil","21544","*"
"0272","Cake of Rapeseed","21710","*"
"0273","Olive Residues","21710","*"
"0274","Oil of Olive Residues","21537","*"
"0274","Oil of Olive Residues","21547","*"
"0275","Tung Nuts","01499","*"
"0276","Oil of Tung Nuts","21539","*"
"0276","Oil of Tung Nuts","21549","*"
"0277","Jojoba Seeds","01499","*"
"0278","Jojoba Oil","21539","*"
"0278","Jojoba Oil","21549","*"
"0280","Safflower seed","01446","*"
"0281","Oil of Safflower Seed","21533","*"
"0281","Oil of Safflower Seed","21543","*"
"0282","Cake of Safflower Seed","21710","*"
"0289","Sesame seed","01444","*"
"0290","Oil of Sesame Seed","21539","*"
"0290","Oil of Sesame Seed","21549","*"
"0291","Cake of Sesame Seed","21710","*"
"0292","Mustard seed","01442","*"
"0293","Oil of Mustard Seed","21534","*"
"0293","Oil of Mustard Seed","21544","*"
"0294","Cake of Mustard Seed","21710","*"
"0295","Flour of Mustard Seed","23995","*"
"0296","Poppy seed","01449","*"
"0297","Oil of Poppy Seed","21539","*"
"0297","Oil of Poppy Seed","21549","*"
"0298","Cake of Poppy Seed","21710","*"
"0299","Melonseed","01449","*"
"0305","Tallowtree Seeds","01499","*"
"0306","Vegetable tallow","21539","*"
"0306","Vegetable tallow","21549","*"
"0307","Stillingia oil","21539","*"
"0307","Stillingia oil","21549","*"
"0310","Kapok fruit","01499","*"
"0311","Kapokseed in shell","01499","*"
"0312","Kapokseed, shelled","01499","*"
"0313","Oil of Kapok","21539","*"
"0313","Oil of Kapok","21549","*"
"0314","Cake of Kapok","21710","*"
"0328","[Seed Cotton]","01921","*"
"0329","Cottonseed","01431","*"
"0329","Cottonseed","01432","*"
"0331","Oil of Cottonseed","21548","*"
"0331","Oil of Cottonseed","21538","*"
"0332","Cake of Cottonseed","21710","*"
"0333","Linseed","01441","*"
"0334","Oil of Linseed","21539","*"
"0334","Oil of Linseed","21549","*"
"0335","Cake of Linseed","21710","*"
"0336","Hempseed","01449","*"
"0337","Oil of Hempseed","21539","*"
"0337","Oil of Hempseed","21549","*"
"0338","Cake of Hempseed","21710","*"
"0339","Oilseeds nes","01449","*"
"0339","Oilseeds nes","01499","*"
"0340","Oil of Vegetable Origin nes","21539","*"
"0340","Oil of Vegetable Origin nes","21549","*"
"0341","Cake of Oilseeds nes","21710","*"
"0343","Flour of Oilseeds","21720","*"
"0358","Cabbages","01212","*"
"0366","Artichokes","01216","*"
"0367","Asparagus","01211","*"
"0372","Lettuce and chicory","01214","*"
"0373","Spinach","01215","*"
"0378","Cassava leaves","01219","*"
"0388","Tomatoes, fresh","01234","*"
"0390","Juice of Tomatoes","21321","*"
"0391","Paste of Tomatoes","21399","*"
"0392","Tomatoes, Peeled (O/T vinegar)","21399","*"
"0393","Cauliflowers and broccoli","01213","*"
"0394","Pumpkins, squash and gourds","01235","*"
"0397","Cucumbers and gherkins","01232","*"
"0399","Eggplants","01233","*"
"0401","Chillies and peppers (green)","01231","*"
"0402","Onions, shallots (green)","01253","*"
"0403","Onions, dry","01253","*"
"0406","Garlic","01252","*"
"0407","Leeks and other alliaceous vegetables","01254","*"
"0414","Beans, green","01241","*"
"0417","Peas, green","01242","*"
"0420","Broad Beans, Green","01249","*"
"0423","String Beans","01241","*"
"0426","Carrot","01251","*"
"0430","Okra","01239","*"
"0446","Green Corn (Maize)","01290","*"
"0447","Sweet Corn, Frozen","21319","*"
"0448","Sweet Corn, Prepared or Preserved","21399","*"
"0449","Mushrooms","01270","*"
"0450","Dried Mushrooms","21393","*"
"0451","Canned Mushrooms","21397","*"
"0459","Chicory roots","01690","*"
"0461","Carobs","01391","*"
"0463","Vegetables, Fresh n.e.s.","01219","*"
"0463","Vegetables, Fresh n.e.s.","01239","*"
"0463","Vegetables, Fresh n.e.s.","01249","*"
"0463","Vegetables, Fresh n.e.s.","01259","*"
"0463","Vegetables, Fresh n.e.s.","01290","*"
"0466","Juice of Vegetables nes","21329","*"
"0469","Vegetables, Dehydrated","21393","*"
"0471","Vegetables in Vinegar","21340","*"
"0472","Vegetables, Preserved nes (O/T vinegar)","21394","*"
"0472","Vegetables, Preserved nes (O/T vinegar)","21395","*"
"0472","Vegetables, Preserved nes (O/T vinegar)","21396","*"
"0472","Vegetables, Preserved nes (O/T vinegar)","21399","*"
"0473","Vegetables, Frozen","21311","*"
"0473","Vegetables, Frozen","21312","*"
"0473","Vegetables, Frozen","21319","*"
"0474","Vegetables, Temporarily Preserved","21330","*"
"0475","Vegetables, Preserved (Frozen)","21394","*"
"0475","Vegetables, Preserved (Frozen)","21399","*"
"0476","Homogenized Vegetable Preparations","23991","*"
"0486","Bananas","01312","*"
"0489","Plantains","01313","*"
"0490","Oranges","01323","*"
"0491","Juice of Orange","21431","*"
"0492","Orange Juice, Concentrated","21431","*"
"0495","Tangerines, mandarins, clementines, satsumas","01324","*"
"0496","Juice of Tangerine, Mandarin and Clementin","21439","*"
"0497","Lemons and limes","01322","*"
"0498","Juice of Lemon","21439","*"
"0499","Lemon Juice, Concentrated","21439","*"
"0507","Grapefruit and pomelo","01321","*"
"0509","Juice of Grapefruit","21432","*"
"0510","Grapefruit Juice, Concentrated","21432","*"
"0512","Citrus fruit nes","01329","*"
"0513","Juice of Citrus Fruit nes","21439","*"
"0514","Citrus Juice, Concentrated nes","21439","*"
"0515","Apples","01351","*"
"0517","Cider, etc.","24230","*"
"0518","Apple Juice","21435","*"
"0519","Apple Juice, Concentrated","21435","*"
"0521","Pears","01352","*"
"0523","Quinces","01352","*"
"0526","Apricots","01353","*"
"0527","Apricots, Dried","21419","*"
"0530","Sour cherries","01354","*"
"0531","Cherries","01354","*"
"0534","Peaches and nectarines","01355","*"
"0536","Plums","01356","*"
"0537","Plums, dried","21412","*"
"0538","Juice of plum","21439","*"
"0539","Juice of plum, concentrated","21439","*"
"0541","Stone fruit, fresh nes","01359","*"
"0542","Pome fruit nes","01359","*"
"0544","Strawberries","01344","*"
"0547","Raspberries","01343","*"
"0549","Gooseberries","01341","*"
"0550","Currants","01341","*"
"0552","Blueberries","01349","*"
"0554","Cranberries","01349","*"
"0558","Berries nes","01343","*"
"0558","Berries nes","01349","*"
"0560","Grapes","01330","*"
"0561","Raisins","21411","*"
"0562","Juice of Grape","21434","*"
"0563","Must of Grape","24212","*"
"0564","Wine","24212","*"
"0564","Wine","24211","*"
"0565","Vermouths, etc.","24220","*"
"0566","Marc of Grape","39120","*"
"0567","Watermelons","01221","*"
"0568","Melons, Cantaloupes","01229","*"
"0569","Figs","01315","*"
"0570","Figs, Dried","21419","*"
"0571","Mangoes","01316","*"
"0572","Avocados","01311","*"
"0574","Pineapples","01318","*"
"0575","Pineapples, Canned","21491","*"
"0576","Juice of Pineapples","21433","*"
"0577","Dates","01314","*"
"0577","Dates","21419","*"
"0580","Juice of Pineapples, Concentrated","21433","*"
"0583","Juice of Mango","21439","*"
"0584","Mango Pulp","21499","*"
"0587","Persimmons","01399","*"
"0591","Cashewapple","01399","*"
"0592","Kiwi fruit","01342","*"
"0600","Papayas","01317","*"
"0603","Fruit, tropical (fresh) nes","01316","*"
"0603","Fruit, tropical (fresh) nes","01319","*"
"0604","Fruit, tropical (Dried) nes","21419","*"
"0619","Fruit, fresh nes","01319","*"
"0619","Fruit, fresh nes","01349","*"
"0619","Fruit, fresh nes","01399","*"
"0620","Fruit, dried nes","21419","*"
"0622","Juice of fruits nes","21439","*"
"0623","Fruit, prepared nes","21492","*"
"0623","Fruit, prepared nes","21493","*"
"0623","Fruit, prepared nes","21494","*"
"0623","Fruit, prepared nes","21496","*"
"0623","Fruit, prepared nes","21499","*"
"0624","Flour of Fruits","23170","*"
"0625","Fruit, Nuts, Peel, Sugar Preserved","23670","*"
"0626","Homogenized Cooked Fruit, Prepared","23991","*"
"0628","Pulp, Waste of Fruit for Feed","39120","*"
"0629","Beet Tops","39120","*"
"0630","Cane Tops","39120","*"
"0631","Waters, Ice and Snow","18000","*"
"0631","Waters, Ice and Snow","24410","*"
"0631","Waters, Ice and Snow","17400","*"
"0632","Alcohol, Non-Food Purposes","24110","*"
"0632","Alcohol, Non-Food Purposes","34131","*"
"0633","Beverages, Non-Alcoholic","24490","*"
"0634","Beverages, Distilled Alcoholic","2413","*"
"0635","Straw and Husks","01913","*"
"0636","Maize for forage","01911","*"
"0637","Sorghum for forage","01919","*"
"0638","Rye grass for forage","01919","*"
"0639","Grasses nes for forage","01919","*"
"0640","Clover for forage","01919","*"
"0641","Alfalfa for forage","01912","*"
"0642","Green oilseeds for silage","01919","*"
"0643","Legumes for silage","01919","*"
"0644","Cabbage for fodder","01919","*"
"0645","Pumpkins for fodder","01919","*"
"0646","Turnips for fodder","01919","*"
"0647","Beets for fodder","01919","*"
"0648","Carrots for fodder","01919","*"
"0649","Swedes for fodder","01919","*"
"0650","Leaves, Tops and Vines nes","39120","*"
"0651","Forage Products nes","01919","*"
"0652","Vegetable Products for Feed nes","39120","*"
"0653","Food Wastes","39170","*"
"0655","Vegetables, roots fodder nes","01919","*"
"0656","Coffee green","01610","*"
"0657","Coffee, Roasted","23911","*"
"0658","Coffee Substitutes","23912","*"
"0659","Coffee Extracts","23912","*"
"0660","Coffee Husks and Skins","39150","*"
"0661","Cocoa beans","01640","*"
"0662","Cocoa Paste","23610","*"
"0663","Cocoa Husks and Shells","39150","*"
"0664","Cocoa Butter","23620","*"
"0665","Cocoa Powder and Cake","23610","*"
"0665","Cocoa Powder and Cake","23630","*"
"0666","Chocolate Products nes","23640","*"
"0666","Chocolate Products nes","23650","*"
"0666","Chocolate Products nes","23660","*"
"0667","Tea","01620","*"
"0667","Tea","23913","*"
"0671","Mate","01630","*"
"0672","Extracts of Tea and Mate","23914","*"
"0674","Tea nes","01930","*"
"0677","Hops","01659","*"
"0687","Pepper","01651","*"
"0687","Pepper","23921","*"
"0689","Pimento","01652","*"
"0689","Pimento","23922","*"
"0692","Vanilla","01658","*"
"0692","Vanilla","23928","*"
"0693","Cinnamon (canella)","01655","*"
"0693","Cinnamon (canella)","23925","*"
"0698","Cloves","01656","*"
"0698","Cloves","23926","*"
"0702","Nutmeg, mace, cardamoms","01653","*"
"0702","Nutmeg, mace, cardamoms","23923","*"
"0711","Anise, badian, fennel","23924","*"
"0711","Anise, badian, fennel","01654","*"
"0720","Ginger","01657","*"
"0720","Ginger","23927","*"
"0723","Spices nes","01690","*"
"0737","Oil of citronella","35410","*"
"0748","Peppermint, Spearmint","01930","*"
"0753","Essential oils nes","35410","*"
"0754","Pyrethrum, dried flowers","01930","*"
"0755","Pyrethrum Extract","23999","*"
"0756","Pyrethrum Marc","01930","*"
"0767","Cotton Lint","01921","*"
"0768","Cotton, Carded or Combed","26160","*"
"0769","Cotton Waste","39214","*"
"0769","Cotton Waste","39215","*"
"0770","Cotton Linters","21600","*"
"0771","Flax, raw or retted","01929","*"
"0773","Flax fibre and tow","26190","*"
"0774","Flax tow and waste","26190","*"
"0777","Hemp fibre and tow","01929","*"
"0777","Hemp fibre and tow","26190","*"
"0778","Kapok fibre","01929","*"
"0778","Kapok fibre","26190","*"
"0780","Jute","01922","*"
"0780","Jute","26170","*"
"0782","Jute-like fibres","01922","*"
"0782","Jute-like fibres","26170","*"
"0788","Ramie","26190","*"
"0788","Ramie","01929","*"
"0789","Sisal","26190","*"
"0789","Sisal","01929","*"
"0800","Agave fibres nes","01929","*"
"0800","Agave fibres nes","26190","*"
"0809","Abaca manila hemp","01929","*"
"0809","Abaca manila hemp","26190","*"
"0813","Coir","01929","*"
"0813","Coir","26190","*"
"0821","Fibre crops nes","01929","*"
"0821","Fibre crops nes","26190","*"
"0826","Tobacco leaves","01970","*"
"0826","Tobacco leaves","25010","*"
"0826","Tobacco leaves","39180","*"
"0828","Cigarettes","25020","*"
"0829","Cigars and Cheroots","25020","*"
"0831","Tobacco Products nes","25090","*"
"0836","Natural rubber","01950","*"
"0837","Rubber, Natural (Dry)","01950","*"
"0839","Natural gums","03211","*"
"0840","Compound Feed, Cattle","23319","*"
"0841","Compound Feed, Poultry","23319","*"
"0842","Compound Feed, Pigs","23319","*"
"0843","Pet Food","23311","*"
"0845","Compound Feed nes","23319","*"
"0846","Gluten Feed and Meal","39130","*"
"0849","Feed Yeast","23319","*"
"0850","Feed Supplements","23319","*"
"0851","Non-Protein Nitrogens","23319","*"
"0852","Other Concentrates nes","23319","*"
"0853","Vitamins","23319","*"
"0854","Feed Additives","23319","*"
"0855","Feed Minerals","23319","*"
"0857","Hay, non leguminous","01913","*"
"0858","Hay (Clover, Lucerne, etc.)","01913","*"
"0859","Hay nes","01913","*"
"0862","Alfalfa Meal and Pellets","23320","*"
"0866","Cattle","02111","*"
"0867","Meat of cattle","21111","*"
"0867","Meat of cattle","21131","*"
"0868","Offals of cattle, edible","21151","*"
"0869","Fat of cattle","21512","*"
"0870","Meat of cattle, boneless","21111","*"
"0870","Meat of cattle, boneless","21131","*"
"0871","Cattle, Butcher Fat","21512","*"
"0872","Beef and Veal, Dried, Salted, Smoked","21172","*"
"0873","Meat Extracts","21175","*"
"0874","Sausages of Beef and Veal","21174","*"
"0875","Beef and Veal Preparations nes","21176","*"
"0875","Beef and Veal Preparations nes","21179","*"
"0877","Homogenized Meat Preparations","23991","*"
"0878","Liver Preparations","21179","*"
"0882","Cow milk, whole (fresh)","02211","*"
"0883","Standardized Milk","22110","*"
"0885","Cream, Fresh","22120","*"
"0886","Butter of Cow Milk","22241","*"
"0887","Ghee from Cow Milk","22241","*"
"0888","Skim Milk of Cows","22110","*"
"0889","Whole Milk, Condensed","22222","*"
"0890","Whey, Condensed","22130","*"
"0891","Yoghurt","22230","*"
"0892","Yoghurt, Concentrated or Unconcent","22230","*"
"0893","Buttermilk, Curdled Milk, Acidified Milk","22230","*"
"0894","Whole Milk, Evaporated","22221","*"
"0895","Skim Milk, Evaporated","22221","*"
"0896","Skim Milk, Condensed","22222","*"
"0897","Dry Whole Cow Milk","22211","*"
"0898","Dry Skim Cow Milk","22212","*"
"0899","Dry Buttermilk","22230","*"
"0900","Dry Whey","22130","*"
"0901","Cheese from Whole Cow Milk","22251","*"
"0903","Whey, Fresh","22130","*"
"0904","Cheese from Skimmed Cow Milk","22251","*"
"0905","Whey Cheese","22251","*"
"0907","Processed Cheese","22251","*"
"0908","Reconstituted Milk","22110","*"
"0909","Products of Natural Milk Constitue, nes","22290","*"
"0910","Ice Cream and Edible Ice","22270","*"
"0916","Egg Albumin","23993","*"
"0917","Casein","22260","*"
"0919","Cattle hides, fresh","02951","*"
"0920","Hides, Wet-Salted (Cattle)","02951","*"
"0921","Hides, Dry-Salted (Cattle)","02951","*"
"0922","Hides nes, Cattle","02951","*"
"0927","Skins, fresh (calves)","02951","*"
"0928","Skins, Wet-Salted (Calves)","02951","*"
"0929","Skins, Dry-Salted (Calves)","02951","*"
"0930","Skins nes, Calves","02951","*"
"0946","Buffaloes","02112","*"
"0947","Buffalo meat","21112","*"
"0947","Buffalo meat","21132","*"
"0948","Offals of buffalo, edible","21152","*"
"0949","Fat of buffalo","21513","*"
"0951","Buffalo milk","02212","*"
"0952","Butter of Buffalo Milk","22242","*"
"0953","Ghee, from Buffalo Milk","22242","*"
"0954","Skim Milk of Buffalo","22110","*"
"0955","Cheese of Buffalo Milk","22252","*"
"0957","Buffalo hides, fresh","02951","*"
"0958","Hides, Wet-Salted (Buffalo)","02951","*"
"0959","Hides, Dry-Salted (Buffalo)","02951","*"
"0976","Sheep","02122","*"
"0977","Meat of sheep","21115","*"
"0977","Meat of sheep","21135","*"
"0978","Offals of sheep, edible","21155","*"
"0979","Fat of sheep","21514","*"
"0982","Sheep milk","02291","*"
"0983","Butter and Ghee of Sheep Milk","22249","*"
"0984","Cheese of Sheep Milk","22253","*"
"0985","Skim Sheep Milk","22110","*"
"0987","Wool, Greasy","02941","*"
"0987","Wool, Greasy","02942","*"
"0988","Wool, Degreased","26130","*"
"0994","Wool Grease and Lanolin","21519","*"
"0994","Wool Grease and Lanolin","21529","*"
"0995","Sheepskins, fresh","02953","*"
"0996","Skins, Wet-Salted (Sheep)","02953","*"
"0997","Skins, Dry-Salted (Sheep)","02953","*"
"0998","Skins nes, Sheep","02953","*"
"0999","Skins with Wool, Sheep","02953","*"
"1002","Karakul skins","02955","*"
"1007","Wool, Shoddy","39213","*"
"1008","Hair, Carded, Combed","26150","*"
"1009","Wool, Hair Waste","26140","*"
"1009","Wool, Hair Waste","39212","*"
"1010","Wool Tops","26150","*"
"1016","Goats","02123","*"
"1017","Goat meat","21136","*"
"1017","Goat meat","21116","*"
"1018","Offals of goats, edible","21156","*"
"1019","Fat of goats","21515","*"
"1020","Goat milk","02292","*"
"1021","Cheese of Goat Milk","22254","*"
"1022","Butter of Goat Milk","22249","*"
"1023","Skim Milk of Goat","22110","*"
"1025","Goatskins, fresh","02954","*"
"1026","Skins, Wet-Salted (Goats)","02954","*"
"1027","Skins, Dry-Salted (Goats)","02954","*"
"1028","Skins nes, Goats","02954","*"
"1030","Fine goat hair","02943","*"
"1031","Coarse goat hair","02942","*"
"1034","Pigs","02140","*"
"1035","Pig meat","21133","*"
"1035","Pig meat","21113","*"
"1036","Offals of pigs, edible","21153","*"
"1037","Fat of pigs","21511","*"
"1038","Pork","21113","*"
"1038","Pork","21133","*"
"1039","Bacon and Ham","21171","*"
"1040","Pig, Butcher Fat","21511","*"
"1041","Sausages of Pig Meat","21174","*"
"1042","Pig Meat Preparations","21176","*"
"1042","Pig Meat Preparations","21179","*"
"1043","Lard","21521","*"
"1044","Pigskins, fresh","02959","*"
"1045","Skins, Wet-Salted (Pigs)","02959","*"
"1046","Skins, Dry-Salted (Pigs)","02959","*"
"1047","Skins nes, Pigs","02959","*"
"1057","Chickens","02151","*"
"1057","Chickens","02155","*"
"1058","Chicken meat","21121","*"
"1058","Chicken meat","21125","*"
"1058","Chicken meat","21141","*"
"1058","Chicken meat","21145","*"
"1059","Offals and liver of chickens","21160","*"
"1060","Fatty Liver Preparations","21160","*"
"1060","Fatty Liver Preparations","21179","*"
"1061","Meat, Canned (Poultry)","21179","*"
"1062","Hen eggs","02310","*"
"1062","Hen eggs","02330","*"
"1063","Eggs, Liquid","23993","*"
"1064","Eggs, Dried","23993","*"
"1065","Fat of poultry","21511","*"
"1066","Fat of Poultry, Rendered","21522","*"
"1067","Hen eggs, (number)","02310","*"
"1067","Hen eggs, (number)","02330","*"
"1068","Ducks","02154","*"
"1069","Duck meat","21122","*"
"1069","Duck meat","21142","*"
"1072","Geese","02153","*"
"1073","Goose meat","21123","*"
"1073","Goose meat","21143","*"
"1074","Offals and liver of geese","21160","*"
"1075","Offals and liver of ducks","21160","*"
"1079","Turkeys","02152","*"
"1080","Turkey meat","21144","*"
"1080","Turkey meat","21124","*"
"1081","Offals and liver of turkey","21160","*"
"1083","Pigeons and other birds","02194","*"
"1089","Meat of pigeons and other birds nes","21190","*"
"1091","Eggs, excluding hen eggs","02320","*"
"1091","Eggs, excluding hen eggs","02330","*"
"1092","Eggs, excluding hen eggs (number)","02320","*"
"1092","Eggs, excluding hen eggs (number)","02330","*"
"1096","Horses","02130","*"
"1097","Horse meat","21118","*"
"1097","Horse meat","21138","*"
"1098","Offals of horses","21159","*"
"1100","Hair of horses","39110","*"
"1102","Horse hides, fresh","02952","*"
"1103","Hides, Wet-Salted (Horses)","02952","*"
"1104","Hides, Dry-Salted (Horses)","02952","*"
"1105","Hides nes, Horses","02952","*"
"1107","Asses","02130","*"
"1108","Meat of asses","21118","*"
"1108","Meat of asses","21138","*"
"1109","Hides of asses, fresh","02952","*"
"1110","Mules","02130","*"
"1111","Meat of mules","21118","*"
"1111","Meat of mules","21138","*"
"1112","Hides of mules, fresh","02952","*"
"1126","Camels","02121","*"
"1127","Meat of camels","21117","*"
"1127","Meat of camels","21137","*"
"1128","Offals of camels, edibles","21159","*"
"1129","Fat of camels","21519","*"
"1130","Camel milk","02293","*"
"1133","Camel hides, fresh","02959","*"
"1134","Hides, Wet-Salted (Camels)","02959","*"
"1135","Hides, Dry-Salted (Camels)","02959","*"
"1136","Hides nes, Camels","02959","*"
"1140","Rabbits","02191","*"
"1141","Rabbit meat","21114","*"
"1141","Rabbit meat","21134","*"
"1146","Rabbit skins","02955","*"
"1150","Other rodents","02192","*"
"1151","Meat of other domestic rodents","21119","*"
"1151","Meat of other domestic rodents","21139","*"
"1157","Other camelids","02121","*"
"1158","Meat of other domestic camelids","21137","*"
"1158","Meat of other domestic camelids","21117","*"
"1160","Fat of other camelids","21519","*"
"1163","Game meat","21119","*"
"1163","Game meat","21139","*"
"1164","Meat, Dried nes","21173","*"
"1166","Meat nes","21119","*"
"1166","Meat nes","21139","*"
"1166","Meat nes","21190","*"
"1167","Offals nes","21159","*"
"1167","Offals nes","21190","*"
"1168","Animal Oils and Fats nes","21529","*"
"1169","Live animals, non food nes","02192","*"
"1169","Live animals, non food nes","02195","*"
"1169","Live animals, non food nes","02199","*"
"1171","Live animals nes","02193","*"
"1171","Live animals nes","02129","*"
"1172","Meat, Prepared nes","21174","*"
"1172","Meat, Prepared nes","21176","*"
"1172","Meat, Prepared nes","21179","*"
"1173","Meat Meal","21180","*"
"1174","Fish Meal","21291","*"
"1175","Blood Meal","21180","*"
"1176","Snails o/t sea snails","02920","*"
"1181","Beehives","02196","*"
"1182","Honey","02910","*"
"1183","Beeswax","02960","*"
"1185","Cocoons, reelable","02944","*"
"1186","Silk, Raw","26110","*"
"1187","Cocoons Unreelable, Waste","39211","*"
"1195","Fur skin","02955","*"
"1213","Hides and skins nes, fresh","02959","*"
"1214","Hides, Wet-Salted nes","02959","*"
"1215","Hides, Dry-Salted nes","02959","*"
"1216","Hides nes","02959","*"
"1217","Leather, Used and Waste","39110","*"
"1217","Leather, Used and Waste","39220","*"
"1218","Hair, fine","02943","*"
"1219","Hair, coarse nes","02942","*"
"1221","Lard Stearine and Lard Oil","21529","*"
"1222","Degras","21732","*"
"1223","Oil from Fish and Marine Mammals","21525","*"
"1223","Oil from Fish and Marine Mammals","21526","*"
"1223","Oil from Fish and Marine Mammals","21524","*"
"1225","Tallow","21523","*"
"1232","Food Preparations nes","23999","*"
"1232","Food Preparations nes","02930","*"
"1232","Food Preparations nes","21179","*"
"1232","Food Preparations nes","23721","*"
"1232","Food Preparations nes","23722","*"
"1232","Food Preparations nes","23991","*"
"1232","Food Preparations nes","23992","*"
"1232","Food Preparations nes","23994","*"
"1232","Food Preparations nes","23995","*"
"1232","Food Preparations nes","23996","*"
"1232","Food Preparations nes","23997","*"
"1241","Liquid Margarine","21550","*"
"1242","Margarine and Shortening","21550","*"
"1243","Fat Preparations nes","21550","*"
"1243","Fat Preparations nes","21590","*"
"1259","Food Waste, Prep. for Feed","39170","*"
"1273","Castor Oil, Hydrogenated","21590","*"
"1274","Oils Boiled, Dehydrated, etc.","34550","*"
"1275","Hydrogenated Oils and Fats","21590","*"
"1276","Fatty Acids","34120","*"
"1277","Residues of Fatty Substances","21732","*"
"1291","Arabic gum","03219","*"
"1292","Other resins","03219","*"
"1293","Crude Organic Materials nes","39110","*"
"1293","Crude Organic Materials nes","23999","*"
"1293","Crude Organic Materials nes","04930","*"
"1293","Crude Organic Materials nes","03250","*"
"1293","Crude Organic Materials nes","03249","*"
"1293","Crude Organic Materials nes","01962","*"
"1293","Crude Organic Materials nes","01961","*"
"1293","Crude Organic Materials nes","01930","*"
"1294","Seeds for Planting","01260","*"
"1294","Seeds for Planting","01360","*"
"1294","Seeds for Planting","01803","*"
"1294","Seeds for Planting","01940","*"
"1294","Seeds for Planting","01963","*"
"1295","Spermaceti","02960","*"
"1296","Vegetable waxes","21731","*"
"1309","Insecticides, total (Consumption)","34661","*"
"1320","Herbicides, total","34663","*"
"1331","Fungicides and bactericides, total","34662","*"
"1345","Rodenticides, total (Consumption)","34669","*"
"1352","Fungicides seed treatments, total (Consumption)","34662","*"
"1353","Insecticides seed treatments, total (Consumption)","34661","*"
"1357","Pesticides (Trade)","3466","*"
"1360","Nitrogenous fertilizers","3461","*"
"1375","Phosphate fertilizers","3462","*"
"1386","Potash fertilizers","3463","*"
"1398","Natural Sodium Nitrate","34150","*"
"1399","Natural Phosphates","16110","*"
"1401","Fertilizers, Organic","34654","*"
"1419","Disinfectants,etc (Trade)","34664","*"
"1419","Disinfectants,etc (Trade)","34669","*"
"1422","Mercury compounds etc. excl. amalgams spartana (Trade)","34250","*"
"1423","Ethylene dichloride (Trade)","34110","*"
"1424","Ethylene dibromide (1,2-dibromoethane) (Trade)","34110","*"
"1425","HCH (mixed isomers) / Lindane (Trade)","34110","*"
"1426","Aldrin, Chlordane, Heptachlor (Trade)","34110","*"
"1427","DDT, Hexachlorobenzene (Trade)","34110","*"
"1428","Pentachlorophenol (Trade)","34139","*"
"1429","Salts of Pentachlorophenol (excl 280811)","34139","*"
"1430","Dinoseb and dinoseb salts (Trade)","34139","*"
"1431","DNOC and its salts (excl. 290811-290891) (Trade)","34139","*"
"1432","Oxirane (ethylene oxide) (Trade)","34170","*"
"1433","Dieldrin (Trade)","34170","*"
"1434","Dinoseb acetate (Trade)","34140","*"
"1435","Binapacryl (Trade)","34140","*"
"1436","Chlorobenzilate (Trade)","34140","*"
"1437","2,4,5-T and its salts and esters (Trade)","34140","*"
"1438","Parathion & parathion-methyl (Trade)","34180","*"
"1439","Fluoroacetamide, monocrotophos & phosphamidon (Trade)","35220","*"
"1440","Chlordimeform (Trade)","34150","*"
"1441","Captafol & methamidophos (Trade)","34160","*"
"1442","Hazardous pesticides (Trade)","34666","*"
"1443","Insecticides (excl. Haz. pest.) (Trade)","34661","*"
"1444","Fungicides (excl. Haz. pest.) (Trade)","34662","*"
"1445","Herbicides (excl. Haz. pest.) (Trade)","34663","*"
"1446","Disinfectants, etc (excl. Haz. pest.) (Trade)","34664","*"
"1446","Disinfectants, etc (excl. Haz. pest.) (Trade)","34669","*"
"2455001","Ploughs","44111","*"
"2455002","Seeders","44113","*"
"2455003","Manure spreaders and Fert. distributors","44114","*"
"2455004","Combine harvesters - threshers","44122","*"
"2455005","Balers","44125","*"
"2455006","Root or tuber harvesting machines","44126","*"
"2455007","Threshing machines(staking,forage harv.)","44129","*"
"2455008","Milking machines","44131","*"
"2455009","Agricultural tractors, total","44141","*"
"2455009","Agricultural tractors, total","44142","*"
"2455009","Agricultural tractors, total","44149","*"
"2455010","Pedestrian controlled tractors","44141","*"
"2455011","Agricultural tractors","44142","*"
"2455011","Agricultural tractors","44149","*"
"2455012","Track-laying tractors","44142","*"
"2455013","Other Agricultural tractors","44149","*"
"2455014","Harvester and threshers (trade)","4412","*"
"2455015","Milking, dairy machinery (trade)","4413","*"
"2455016","Soil machinery (trade)","4411","*"
"2455017","Agricultural machinery nes (trade)","4419","*"
"2510","Phosphate rock","16110","*"
"2814","Ammonia, anhydrous","34651","*"
"2814","Ammonia, anhydrous","34652","*"
"283421","Potassium nitrate","34646","*"
"3102","Nitrogen Fertilizers (N total nutrients)","34150","*"
"3102","Nitrogen Fertilizers (N total nutrients)","3461","*"
"310210","Urea","34611","*"
"310221","Ammonium sulphate","34612","*"
"310230","Ammonium nitrate","34613","*"
"310240","Calcium ammonium nitrate","34615","*"
"310280","Urea and ammonium nitrate solutions","34619","*"
"3103","Phosphate Fertilizers (P205 total nutrients)","34629","*"
"3103","Phosphate Fertilizers (P205 total nutrients)","34621","*"
"310310","Superphosphate","34621","*"
"31031010","Superphosphate above 35%","34621","*"
"31031090","Superphosphate other","34621","*"
"3104","Potash Fertilizers (K20 total nutrients)","3463","*"
"310420","Potassium chloride (Muriate of potash)","34631","*"
"310430","Potassium sulphate","34632","*"
"310510","NPK complex <= 10kg","34659","*"
"310520","NPK complex >10kg","34641","*"
"310530","Diammonium phosphate (DAP)","34642","*"
"310540","Monoammonium phosphate (MAP)","34643","*"
"310551","Other nitrogen & phosphates compounds","34644","*"
"310559","Other nitrogen & phosphorus compounds","34644","*"
"310560","PK compounds","34645","*"
"310610","NPK complex","34641","*"
